{
  "version": "1.0",
  "packages": {
    "com.jangabrielsson.gauge": {
      "version": "1.0.0",
      "installedAt": "2025-10-30T13:19:26.248Z",
      "installedFrom": "local",
      "manifest": {
        "id": "com.jangabrielsson.gauge",
        "name": "Gauge Widget",
        "version": "1.0.0",
        "author": "Jan Gabrielsson",
        "description": "Visual gauge widget with rotating needle for sensor values (0-100%)",
        "requires": {
          "homeMapVersion": ">=0.1.7"
        },
        "provides": {
          "widgets": [
            "gauge"
          ],
          "iconSets": [
            "gauge"
          ]
        },
        "email": "jan@example.com",
        "homepage": "https://github.com/jangabrielsson/HomeMap",
        "license": "MIT",
        "tags": [
          "sensor",
          "visualization",
          "gauge",
          "meter"
        ]
      },
      "files": {
        "widgets": [
          "widgets/packages/com.jangabrielsson.gauge/gauge.json"
        ],
        "icons": [
          "icons/packages/com.jangabrielsson.gauge/gauge/"
        ]
      }
    }
  }
}