{
    "widgetVersion": "0.1.5",
    "iconSet": "dimLight",
    
    "state": {
        "value": false
    },
    
    "getters": {
        "value": {
            "api": "/api/devices/${id}/properties/value",
            "path": "value"
        }
    },
    
    "events": {
        "DevicePropertyUpdatedEvent": {
            "match": "$..[?(@.id == ${id} && @.property == 'value')]",
            "updates": {
                "value": "event.newValue"
            }
        }
    },
    
    "render": {
        "icon": {
            "type": "conditional",
            "property": "value",
            "conditions": [
                { "when": "value == false", "icon": "off" },
                { "when": "value == true", "icon": "on" }
            ]
        }
    },
    
    "actions": {
        "turnOn": {
            "method": "POST",
            "api": "/api/devices/${id}/action/turnOn",
            "body": { "args": [] }
        },
        "turnOff": {
            "method": "POST",
            "api": "/api/devices/${id}/action/turnOff",
            "body": { "args": [] }
        }
    },
    
    "ui": {
        "rows": [
            {
                "elements": [
                    { "type": "button", "label": "On", "action": "turnOn" },
                    { "type": "button", "label": "Off", "action": "turnOff" }
                ]
            }
        ]
    }
}
